Id,MSSubClass,MSZoning,LotFrontage,LotArea,Street,Alley,LotShape,LandContour,Utilities,LotConfig,LandSlope,Neighborhood,Condition1,Condition2,BldgType,HouseStyle,OverallQual,OverallCond,YearBuilt,YearRemodAdd,RoofStyle,RoofMatl,Exterior1st,Exterior2nd,MasVnrType,MasVnrArea,ExterQual,ExterCond,Foundation,BsmtQual,BsmtCond,BsmtExposure,BsmtFinType1,BsmtFinSF1,BsmtFinType2,BsmtFinSF2,BsmtUnfSF,TotalBsmtSF,Heating,HeatingQC,CentralAir,Electrical,1stFlrSF,2ndFlrSF,LowQualFinSF,GrLivArea,BsmtFullBath,BsmtHalfBath,FullBath,HalfBath,BedroomAbvGr,KitchenAbvGr,KitchenQual,TotRmsAbvGrd,Functional,Fireplaces,FireplaceQu,GarageType,GarageYrBlt,GarageFinish,GarageCars,GarageArea,GarageQual,GarageCond,PavedDrive,WoodDeckSF,OpenPorchSF,EnclosedPorch,3SsnPorch,ScreenPorch,PoolArea,PoolQC,Fence,MiscFeature,MiscVal,MoSold,YrSold,SaleType,SaleCondition,SalePrice
1301,60,RL,,10762,Pave,,IR1,Lvl,AllPub,CulDSac,Gtl,Gilbert,Norm,Norm,1Fam,2Story,7,5,1999,1999,Gable,CompShg,VinylSd,VinylSd,None,344.0,Gd,TA,PConc,Gd,TA,No,GLQ,694,Unf,0,284,978,GasA,Ex,Y,SBrkr,1005,978,0,1983,0,0,2,1,3,1,Gd,9,Typ,1,TA,Attchd,1999.0,Fin,2,490,TA,TA,Y,0,0,0,0,0,0,,,,0,5,2009,WD,Normal,225000
1302,70,RL,,7500,Pave,,IR1,Bnk,AllPub,Inside,Gtl,Crawfor,Norm,Norm,1Fam,2Story,6,7,1942,1950,Gable,CompShg,Wd Sdng,Wd Sdng,None,0.0,TA,TA,CBlock,TA,TA,No,BLQ,547,Unf,0,224,771,GasA,Fa,Y,SBrkr,753,741,0,1494,0,0,1,0,3,1,Gd,7,Typ,2,Gd,Attchd,1942.0,Unf,1,213,TA,TA,P,0,0,0,0,224,0,,,,0,11,2009,WD,Normal,177500
1303,60,RL,92.0,10120,Pave,,Reg,Lvl,AllPub,Inside,Gtl,NoRidge,Norm,Norm,1Fam,2Story,8,5,1994,1994,Hip,CompShg,VinylSd,VinylSd,BrkFace,391.0,Gd,TA,PConc,Gd,TA,No,GLQ,740,Unf,0,425,1165,GasA,Ex,Y,SBrkr,1203,1323,0,2526,1,0,2,1,4,1,Gd,8,Typ,1,TA,Attchd,1994.0,RFn,3,844,TA,TA,Y,309,78,0,0,0,0,,,,0,12,2006,WD,Normal,290000
1304,20,RL,73.0,8688,Pave,,Reg,Lvl,AllPub,Inside,Gtl,Somerst,Norm,Norm,1Fam,1Story,7,5,2005,2005,Gable,CompShg,VinylSd,VinylSd,BrkFace,228.0,Gd,TA,PConc,Gd,TA,Av,Unf,0,Unf,0,1616,1616,GasA,Ex,Y,SBrkr,1616,0,0,1616,0,0,2,0,3,1,Gd,7,Typ,0,,Attchd,2005.0,RFn,3,834,TA,TA,Y,208,59,0,0,0,0,,,,0,4,2006,WD,Normal,232000
1305,160,RM,32.0,3363,Pave,,Reg,Lvl,AllPub,Inside,Gtl,Edwards,Norm,Norm,TwnhsE,2Story,7,5,2004,2004,Gable,CompShg,VinylSd,VinylSd,Stone,117.0,Gd,TA,PConc,Gd,TA,No,Unf,0,Unf,0,976,976,GasA,Ex,Y,SBrkr,976,732,0,1708,0,0,2,0,3,1,Gd,7,Maj1,0,,Detchd,2004.0,Unf,2,380,TA,TA,Y,0,40,0,0,0,0,,,,0,4,2006,WD,Normal,130000
1306,20,RL,108.0,13173,Pave,,IR1,Lvl,AllPub,Corner,Gtl,NridgHt,Norm,Norm,1Fam,1Story,9,5,2006,2007,Hip,CompShg,VinylSd,VinylSd,Stone,300.0,Gd,TA,PConc,Ex,TA,No,GLQ,1572,Unf,0,80,1652,GasA,Ex,Y,SBrkr,1652,0,0,1652,1,0,2,0,2,1,Ex,6,Typ,2,Ex,Attchd,2006.0,Fin,2,840,TA,TA,Y,404,102,0,0,0,0,,,,0,11,2009,WD,Normal,325000
1307,120,RL,48.0,6955,Pave,,IR1,Lvl,AllPub,Inside,Gtl,NridgHt,Norm,Norm,TwnhsE,1Story,7,5,2005,2006,Gable,CompShg,VinylSd,VinylSd,Stone,94.0,Gd,TA,PConc,Gd,TA,No,Unf,0,Unf,0,1368,1368,GasA,Ex,Y,SBrkr,1368,0,0,1368,0,0,2,0,2,1,Gd,6,Typ,1,Gd,Attchd,2005.0,RFn,2,474,TA,TA,Y,132,35,0,0,0,0,,,,0,9,2006,New,Partial,202500
1308,20,RL,60.0,8072,Pave,,Reg,Lvl,AllPub,Inside,Gtl,CollgCr,Norm,Norm,1Fam,1Story,5,5,1994,1995,Gable,CompShg,VinylSd,VinylSd,None,0.0,TA,Gd,PConc,Gd,Gd,No,ALQ,746,Unf,0,244,990,GasA,Ex,Y,SBrkr,990,0,0,990,1,0,1,0,3,1,TA,5,Typ,0,,Detchd,2000.0,Unf,2,480,TA,TA,Y,0,64,0,0,0,0,,,,0,5,2009,WD,Normal,138000
1309,20,RM,100.0,12000,Pave,,Reg,Lvl,AllPub,Inside,Gtl,OldTown,Norm,Norm,1Fam,1Story,5,7,1948,2005,Gable,CompShg,MetalSd,MetalSd,None,0.0,TA,TA,CBlock,TA,TA,No,GLQ,144,ALQ,608,172,924,GasA,Ex,Y,SBrkr,1122,0,0,1122,1,0,1,0,2,1,Gd,6,Typ,0,,Attchd,1948.0,Unf,2,528,TA,TA,Y,0,36,0,0,0,0,,GdWo,,0,5,2008,WD,Normal,147000
1310,20,RL,,7153,Pave,,Reg,Lvl,AllPub,Inside,Gtl,SawyerW,Norm,Norm,1Fam,1Story,6,5,1991,1991,Gable,CompShg,HdBoard,HdBoard,BrkFace,88.0,TA,TA,CBlock,Gd,TA,No,GLQ,1200,Unf,0,78,1278,GasA,Gd,Y,SBrkr,1294,0,0,1294,1,0,2,0,3,1,Gd,6,Typ,0,,Attchd,1991.0,RFn,2,496,TA,TA,Y,112,51,0,0,0,0,,GdWo,,0,6,2008,WD,Normal,179200
1311,20,RL,100.0,17500,Pave,,Reg,Lvl,AllPub,Inside,Gtl,Crawfor,PosA,Norm,1Fam,1Story,7,8,1959,2002,Gable,CompShg,BrkFace,HdBoard,None,0.0,Gd,Gd,PConc,Gd,TA,Av,GLQ,1406,Unf,0,496,1902,GasA,TA,Y,SBrkr,1902,0,0,1902,1,0,2,0,3,1,Ex,7,Typ,2,TA,Attchd,1959.0,Fin,2,567,TA,TA,Y,0,207,162,0,0,0,,,,0,5,2010,WD,Normal,335000
1312,20,RL,68.0,8814,Pave,,Reg,Lvl,AllPub,Inside,Gtl,CollgCr,Norm,Norm,1Fam,1Story,7,5,2005,2007,Gable,CompShg,VinylSd,VinylSd,BrkFace,80.0,Gd,TA,PConc,Gd,TA,No,GLQ,925,Unf,0,349,1274,GasA,Ex,Y,SBrkr,1274,0,0,1274,1,0,2,0,3,1,Gd,6,Typ,0,,Attchd,2005.0,RFn,2,508,TA,TA,Y,264,98,0,0,0,0,,,,0,1,2007,New,Partial,203000
1313,60,RL,,9572,Pave,,IR1,Lvl,AllPub,Inside,Gtl,NoRidge,Norm,Norm,1Fam,2Story,8,5,1990,1990,Gable,CompShg,Wd Sdng,Wd Sdng,BrkFace,336.0,Gd,TA,PConc,Ex,TA,No,GLQ,482,Unf,0,971,1453,GasA,Ex,Y,SBrkr,1453,1357,0,2810,0,0,2,1,4,1,Gd,9,Typ,1,Ex,Attchd,1990.0,RFn,2,750,Gd,Gd,Y,500,0,0,0,0,0,,,,0,6,2007,WD,Normal,302000
1314,60,RL,108.0,14774,Pave,,IR1,Lvl,AllPub,Corner,Gtl,NoRidge,Norm,Norm,1Fam,2Story,9,5,1999,1999,Gable,CompShg,VinylSd,VinylSd,BrkFace,165.0,Gd,TA,PConc,Gd,TA,No,Unf,0,Unf,0,1393,1393,GasA,Ex,Y,SBrkr,1422,1177,0,2599,0,0,2,1,4,1,Gd,10,Typ,1,TA,BuiltIn,1999.0,Fin,3,779,TA,TA,Y,668,30,0,0,0,0,,,,0,5,2010,WD,Normal,333168
1315,20,RL,60.0,8190,Pave,,Reg,Lvl,AllPub,Inside,Gtl,Edwards,Norm,Norm,1Fam,1Story,4,6,1954,1954,Hip,CompShg,Wd Sdng,Wd Sdng,None,0.0,TA,TA,CBlock,TA,TA,No,Rec,732,Unf,0,216,948,GasA,Ex,Y,SBrkr,948,0,0,948,1,0,1,0,3,1,TA,5,Typ,1,TA,Detchd,1956.0,Unf,1,280,TA,TA,Y,0,36,0,0,0,0,,,,0,10,2007,WD,Normal,119000
1316,60,RL,85.0,11075,Pave,,Reg,Lvl,AllPub,Inside,Gtl,NAmes,Norm,Norm,1Fam,2Story,6,5,1969,1969,Gable,CompShg,HdBoard,HdBoard,None,0.0,TA,TA,CBlock,Fa,TA,Mn,ALQ,500,LwQ,276,176,952,GasA,TA,Y,SBrkr,1092,1020,0,2112,0,0,2,1,4,1,TA,9,Typ,2,Gd,Attchd,1969.0,Unf,2,576,TA,TA,Y,280,0,0,0,0,0,,,,0,6,2008,WD,Normal,206900
1317,20,RL,61.0,10226,Pave,,IR1,Lvl,AllPub,Inside,Gtl,CollgCr,Norm,Norm,1Fam,1Story,8,5,2008,2008,Gable,CompShg,VinylSd,VinylSd,Stone,270.0,Gd,TA,PConc,Ex,TA,Gd,Unf,0,Unf,0,1622,1622,GasA,Ex,Y,SBrkr,1630,0,0,1630,1,0,2,0,3,1,Ex,8,Typ,1,Gd,Attchd,2008.0,RFn,3,860,TA,TA,Y,172,42,0,0,0,0,,,,0,1,2009,WD,Normal,295493
1318,120,FV,47.0,4230,Pave,Pave,Reg,Lvl,AllPub,Corner,Gtl,Somerst,Norm,Norm,TwnhsE,1Story,7,5,2006,2007,Gable,CompShg,VinylSd,VinylSd,None,0.0,Gd,TA,PConc,Ex,Gd,No,Unf,0,Unf,0,1352,1352,GasA,Ex,Y,SBrkr,1352,0,0,1352,0,0,2,0,2,1,Gd,5,Typ,1,Gd,Attchd,2006.0,RFn,2,466,TA,TA,Y,0,241,0,0,0,0,,,,0,4,2007,New,Partial,208900
1319,20,RL,,14781,Pave,,IR2,Lvl,AllPub,CulDSac,Gtl,CollgCr,Norm,Norm,1Fam,1Story,8,5,2001,2002,Hip,CompShg,VinylSd,VinylSd,BrkFace,178.0,Gd,TA,PConc,Gd,TA,Gd,Unf,0,Unf,0,1753,1753,GasA,Ex,Y,SBrkr,1787,0,0,1787,0,0,2,0,3,1,Gd,7,Typ,1,TA,Attchd,2001.0,RFn,3,748,TA,TA,Y,198,150,0,0,0,0,,,,0,8,2006,WD,Normal,275000
1320,20,RL,75.0,10215,Pave,,Reg,Bnk,AllPub,Inside,Gtl,Edwards,Norm,Norm,1Fam,1Story,4,5,1954,1954,Hip,CompShg,Wd Sdng,Wd Sdng,BrkFace,132.0,TA,TA,PConc,TA,TA,No,ALQ,492,Unf,0,372,864,GasA,Ex,Y,SBrkr,948,0,0,948,0,0,1,0,3,1,TA,5,Typ,0,,Attchd,1954.0,Unf,1,248,TA,TA,Y,0,0,0,0,0,0,,,,0,2,2007,WD,Normal,111000
1321,20,RL,70.0,8400,Pave,,Reg,Lvl,AllPub,Inside,Gtl,NAmes,Norm,Norm,1Fam,1Story,6,3,1957,1957,Hip,CompShg,BrkFace,BrkFace,None,0.0,TA,TA,CBlock,TA,TA,No,ALQ,189,Rec,661,628,1478,GasA,Gd,Y,SBrkr,1478,0,0,1478,1,0,1,1,3,1,TA,6,Typ,2,Gd,Attchd,1957.0,RFn,2,442,TA,TA,Y,114,0,0,0,216,0,,,,0,6,2009,WD,Normal,156500
1322,20,RL,,6627,Pave,,IR1,Lvl,AllPub,Corner,Gtl,BrkSide,Feedr,Norm,1Fam,1Story,3,6,1949,1950,Hip,CompShg,VinylSd,VinylSd,None,0.0,TA,TA,CBlock,,,,,0,,0,0,0,Floor,TA,N,SBrkr,720,0,0,720,0,0,1,0,2,1,TA,4,Typ,0,,Detchd,1955.0,Unf,1,287,TA,Fa,Y,0,0,0,0,0,0,,,,0,7,2008,WD,Normal,72500
1323,60,RL,107.0,10186,Pave,,IR1,Lvl,AllPub,Inside,Gtl,NoRidge,Norm,Norm,1Fam,2Story,7,5,1992,1992,Gable,CompShg,HdBoard,HdBoard,None,0.0,Gd,TA,PConc,Gd,TA,No,GLQ,674,Unf,0,76,750,GasA,Ex,Y,SBrkr,1061,862,0,1923,1,0,2,1,3,1,Gd,8,Typ,1,TA,Attchd,1992.0,RFn,2,564,TA,TA,Y,240,39,0,0,0,0,,,,0,6,2010,WD,Normal,190000
1324,30,RL,50.0,5330,Pave,,Reg,HLS,AllPub,Inside,Gtl,BrkSide,Norm,Norm,1Fam,1Story,4,7,1940,1950,Hip,CompShg,VinylSd,VinylSd,None,0.0,Fa,TA,CBlock,TA,TA,No,LwQ,280,Unf,0,140,420,GasA,Gd,Y,SBrkr,708,0,0,708,0,0,1,0,2,1,Fa,5,Typ,0,,,,,0,0,,,Y,164,0,0,0,0,0,,,,0,12,2009,WD,Normal,82500
1325,20,RL,75.0,9986,Pave,,Reg,Lvl,AllPub,Inside,Gtl,Somerst,Norm,Norm,1Fam,1Story,8,5,2006,2007,Gable,CompShg,VinylSd,VinylSd,BrkFace,428.0,Gd,TA,PConc,Ex,TA,Av,Unf,0,Unf,0,1795,1795,GasA,Ex,Y,SBrkr,1795,0,0,1795,0,0,2,0,2,1,Gd,7,Typ,1,Gd,Attchd,2007.0,RFn,3,895,TA,TA,Y,0,49,0,0,0,0,,,,0,2,2007,New,Partial,147000
1326,30,RM,40.0,3636,Pave,,Reg,Lvl,AllPub,Inside,Gtl,IDOTRR,Norm,Norm,1Fam,1Story,4,4,1922,1950,Gable,CompShg,AsbShng,AsbShng,None,0.0,TA,TA,BrkTil,TA,Fa,No,Unf,0,Unf,0,796,796,GasA,Fa,N,SBrkr,796,0,0,796,0,0,1,0,2,1,TA,5,Typ,0,,,,,0,0,,,N,0,0,100,0,0,0,,MnPrv,,0,1,2008,WD,Normal,55000
1327,30,RH,70.0,4270,Pave,,Reg,Bnk,AllPub,Inside,Mod,Edwards,Norm,Norm,1Fam,1Story,3,6,1931,2006,Gable,CompShg,MetalSd,MetalSd,None,0.0,TA,TA,BrkTil,TA,TA,No,Rec,544,Unf,0,0,544,GasA,Ex,Y,SBrkr,774,0,0,774,0,0,1,0,3,1,Gd,6,Typ,0,,,,,0,0,,,Y,0,0,286,0,0,0,,,,0,5,2007,WD,Normal,79000
1328,20,RL,60.0,6600,Pave,,Reg,Lvl,AllPub,Inside,Gtl,Mitchel,Norm,Norm,1Fam,1Story,5,9,1982,2008,Gable,CompShg,VinylSd,VinylSd,None,0.0,Gd,Gd,CBlock,TA,TA,No,ALQ,641,Unf,0,175,816,GasA,Ex,Y,SBrkr,816,0,0,816,0,1,1,0,3,1,Gd,5,Typ,1,Ex,Attchd,1982.0,Unf,1,264,TA,TA,Y,0,0,0,0,0,0,,MnPrv,,0,10,2008,WD,Normal,130500
1329,50,RM,60.0,10440,Pave,Grvl,Reg,Lvl,AllPub,Corner,Gtl,OldTown,Norm,Norm,1Fam,1.5Fin,6,7,1920,1950,Gable,CompShg,BrkFace,Wd Sdng,None,0.0,Gd,Gd,BrkTil,Gd,TA,No,LwQ,493,Unf,0,1017,1510,GasW,Ex,Y,SBrkr,1584,1208,0,2792,0,0,2,0,5,1,TA,8,Mod,2,TA,Detchd,1920.0,Unf,2,520,Fa,TA,Y,0,547,0,0,480,0,,MnPrv,Shed,1150,6,2008,WD,Normal,256000
1330,60,RL,63.0,9084,Pave,,IR1,Lvl,AllPub,Inside,Gtl,Gilbert,Norm,Norm,1Fam,2Story,7,5,1998,1998,Hip,CompShg,VinylSd,VinylSd,None,0.0,TA,TA,PConc,Gd,TA,No,Unf,0,Unf,0,935,935,GasA,Gd,Y,SBrkr,955,677,0,1632,0,0,2,1,3,1,TA,8,Typ,1,TA,Attchd,1998.0,Fin,2,462,TA,TA,Y,0,28,0,0,0,0,,,,0,6,2006,WD,Normal,176500
1331,20,RL,85.0,10000,Pave,,Reg,Lvl,AllPub,Inside,Gtl,Somerst,Norm,Norm,1Fam,1Story,8,5,2006,2006,Hip,CompShg,VinylSd,VinylSd,Stone,410.0,Gd,TA,PConc,Gd,Gd,Av,Unf,0,Unf,0,1588,1588,GasA,Ex,Y,SBrkr,1588,0,0,1588,0,0,2,0,3,1,Gd,7,Typ,1,Gd,Attchd,2006.0,RFn,3,825,TA,TA,Y,144,45,0,0,0,0,,,,0,12,2007,WD,Normal,227000
1332,80,RL,55.0,10780,Pave,,IR1,Lvl,AllPub,Inside,Gtl,CollgCr,Norm,Norm,1Fam,SLvl,5,5,1976,1976,Gable,CompShg,MetalSd,MetalSd,None,0.0,TA,TA,CBlock,TA,TA,Av,ALQ,483,Unf,0,428,911,GasA,Gd,Y,SBrkr,954,0,0,954,0,0,1,0,3,1,TA,6,Typ,0,,Detchd,1976.0,Unf,2,576,TA,TA,Y,0,0,0,0,0,0,,,,0,7,2006,WD,Normal,132500
1333,20,RL,67.0,8877,Pave,,Reg,Lvl,AllPub,Inside,Mod,Edwards,Norm,Norm,1Fam,1Story,4,6,1938,1958,Gable,CompShg,MetalSd,MetalSd,None,0.0,TA,TA,CBlock,TA,TA,Mn,ALQ,690,Unf,0,126,816,GasA,Ex,Y,SBrkr,816,0,0,816,1,0,1,0,2,1,TA,3,Typ,1,Gd,Detchd,1958.0,Unf,1,288,Fa,Fa,Y,0,0,0,0,0,0,,,,0,5,2009,WD,Normal,100000
1334,50,RM,60.0,7200,Pave,,Reg,Lvl,AllPub,Corner,Gtl,IDOTRR,Norm,Norm,1Fam,1.5Fin,5,6,1938,1995,Gable,CompShg,Wd Sdng,Wd Sdng,None,0.0,TA,TA,CBlock,TA,TA,No,Unf,0,Unf,0,803,803,GasA,Ex,Y,SBrkr,803,557,0,1360,0,0,1,1,2,1,Gd,6,Typ,0,,Detchd,1951.0,Unf,1,297,TA,TA,Y,0,65,190,0,0,0,,MnPrv,,0,7,2006,WD,Normal,125500
1335,160,RM,24.0,2368,Pave,,Reg,Lvl,AllPub,Inside,Gtl,BrDale,Norm,Norm,TwnhsE,2Story,5,6,1970,1970,Gable,CompShg,HdBoard,HdBoard,None,312.0,TA,TA,CBlock,TA,TA,No,LwQ,765,Unf,0,0,765,GasA,TA,Y,SBrkr,765,600,0,1365,0,0,1,1,3,1,TA,7,Min1,0,,Attchd,1970.0,Unf,2,440,TA,TA,Y,0,36,0,0,0,0,,,,0,5,2009,WD,Normal,125000
1336,20,RL,80.0,9650,Pave,,Reg,Lvl,AllPub,Inside,Gtl,NWAmes,Norm,Norm,1Fam,1Story,6,5,1977,1977,Gable,CompShg,Plywood,Plywood,BrkFace,360.0,TA,TA,CBlock,Gd,TA,No,ALQ,686,Unf,0,664,1350,GasA,TA,Y,SBrkr,1334,0,0,1334,0,1,2,0,2,1,TA,6,Typ,1,TA,Attchd,1977.0,RFn,2,630,TA,TA,Y,0,16,0,0,0,0,,,,0,4,2009,WD,Normal,167900
1337,90,RL,87.0,9246,Pave,,IR1,Lvl,AllPub,Inside,Gtl,NWAmes,Feedr,Norm,Duplex,1Story,5,5,1973,1973,Gable,CompShg,Plywood,Plywood,BrkFace,564.0,TA,TA,CBlock,TA,TA,No,Unf,0,Unf,0,1656,1656,GasA,TA,Y,SBrkr,1656,0,0,1656,0,0,2,0,4,2,TA,8,Typ,0,,Detchd,1973.0,Unf,2,506,TA,TA,Y,0,211,0,0,0,0,,,,0,11,2008,WD,Normal,135000
1338,30,RM,153.0,4118,Pave,Grvl,IR1,Bnk,AllPub,Corner,Mod,OldTown,Feedr,Norm,1Fam,1Story,4,4,1941,1950,Gable,CompShg,Wd Sdng,Wd Sdng,None,0.0,TA,TA,CBlock,TA,TA,No,Unf,0,Unf,0,693,693,Grav,Fa,N,FuseA,693,0,0,693,0,0,1,0,2,1,Fa,4,Typ,0,,,,,0,0,,,N,0,20,0,0,0,0,,,,0,3,2006,WD,Normal,52500
1339,60,RL,95.0,13450,Pave,,IR1,Lvl,AllPub,Corner,Gtl,CollgCr,Norm,Norm,1Fam,2Story,7,5,2002,2002,Gable,CompShg,VinylSd,VinylSd,None,0.0,Gd,TA,PConc,Gd,TA,No,GLQ,700,Unf,0,216,916,GasA,Ex,Y,SBrkr,920,941,0,1861,1,0,2,1,3,1,Gd,8,Typ,0,,BuiltIn,2002.0,RFn,2,492,TA,TA,Y,146,91,0,0,0,0,,,,0,6,2006,WD,Normal,200000
1340,20,RL,120.0,9560,Pave,,IR1,Lvl,AllPub,Corner,Gtl,CollgCr,Norm,Norm,1Fam,1Story,5,7,1972,1972,Hip,CompShg,MetalSd,MetalSd,None,0.0,TA,Gd,CBlock,TA,TA,Mn,Rec,360,Unf,0,504,864,GasA,Ex,Y,SBrkr,864,0,0,864,0,0,1,0,3,1,TA,5,Typ,0,,Attchd,1972.0,RFn,1,288,TA,TA,Y,0,0,0,0,0,0,,,,0,6,2006,WD,Normal,128500
1341,20,RL,70.0,8294,Pave,,Reg,Lvl,AllPub,Inside,Gtl,NAmes,Norm,Norm,1Fam,1Story,4,5,1971,1971,Gable,CompShg,MetalSd,MetalSd,None,0.0,TA,TA,CBlock,TA,TA,No,Unf,0,Unf,0,858,858,GasA,TA,Y,SBrkr,872,0,0,872,0,0,1,0,3,1,TA,5,Typ,0,,Detchd,1974.0,Unf,4,480,TA,TA,Y,0,0,0,0,0,0,,GdWo,,0,6,2007,WD,Normal,123000
1342,20,RL,66.0,13695,Pave,,Reg,Lvl,AllPub,Inside,Gtl,SawyerW,RRAe,Norm,1Fam,1Story,6,5,2003,2004,Gable,CompShg,VinylSd,VinylSd,None,0.0,TA,TA,PConc,Gd,TA,No,GLQ,814,Unf,0,300,1114,GasA,Ex,Y,SBrkr,1114,0,0,1114,1,0,1,0,3,1,Gd,6,Typ,0,,Detchd,2004.0,Unf,2,576,TA,TA,Y,0,78,0,0,0,0,,,,0,7,2008,WD,Normal,155000
1343,60,RL,,9375,Pave,,Reg,Lvl,AllPub,Inside,Gtl,CollgCr,Norm,Norm,1Fam,2Story,8,5,2002,2002,Gable,CompShg,VinylSd,VinylSd,BrkFace,149.0,Gd,TA,PConc,Gd,TA,No,Unf,0,Unf,0,1284,1284,GasA,Ex,Y,SBrkr,1284,885,0,2169,0,0,2,1,3,1,Gd,7,Typ,1,Gd,Attchd,2002.0,RFn,2,647,TA,TA,Y,192,87,0,0,0,0,,,,0,8,2007,WD,Normal,228500
1344,50,RL,57.0,7558,Pave,,Reg,Bnk,AllPub,Inside,Gtl,Crawfor,Norm,Norm,1Fam,1.5Fin,6,6,1928,1950,Gable,CompShg,BrkFace,Stone,None,0.0,TA,TA,BrkTil,TA,TA,No,Unf,0,Unf,0,896,896,GasA,Gd,Y,SBrkr,1172,741,0,1913,0,0,1,1,3,1,TA,9,Typ,1,TA,Detchd,1929.0,Unf,2,342,Fa,Fa,Y,0,0,0,0,0,0,,,,0,3,2009,WD,Normal,177000
1345,60,RL,85.0,11103,Pave,,IR1,Lvl,AllPub,Corner,Gtl,CollgCr,Norm,Norm,1Fam,2Story,7,5,2006,2006,Gable,CompShg,VinylSd,VinylSd,None,0.0,Gd,TA,PConc,Gd,TA,No,Unf,0,Unf,0,728,728,GasA,Ex,Y,SBrkr,728,728,0,1456,0,0,2,1,3,1,Gd,8,Typ,1,TA,Attchd,2006.0,Fin,2,440,TA,TA,Y,0,0,0,0,0,0,,,,0,7,2007,New,Partial,155835
1346,30,RM,50.0,6000,Pave,,Reg,Lvl,AllPub,Inside,Gtl,OldTown,Norm,Norm,1Fam,1Story,4,4,1920,1950,Hip,CompShg,MetalSd,MetalSd,None,0.0,TA,TA,PConc,TA,TA,No,ALQ,250,Unf,0,710,960,GasA,Gd,Y,FuseA,960,0,0,960,0,0,1,0,2,1,Fa,5,Typ,0,,Detchd,1997.0,Unf,1,308,TA,TA,Y,0,0,168,0,0,0,,,,0,7,2007,WD,Normal,108500
1347,20,RL,,20781,Pave,,IR2,Lvl,AllPub,CulDSac,Gtl,NWAmes,PosN,Norm,1Fam,1Story,7,7,1968,2003,Hip,CompShg,BrkFace,HdBoard,None,0.0,TA,TA,CBlock,TA,TA,No,BLQ,297,Rec,68,1203,1568,GasA,TA,Y,SBrkr,2156,0,0,2156,0,0,2,0,3,1,TA,9,Typ,1,Gd,Attchd,1968.0,RFn,2,508,Gd,TA,Y,0,80,0,290,0,0,,,,0,6,2006,WD,Normal,262500
1348,20,RL,93.0,15306,Pave,,IR1,HLS,AllPub,Corner,Gtl,Timber,Norm,Norm,1Fam,1Story,8,5,2006,2007,Gable,CompShg,VinylSd,VinylSd,Stone,100.0,Gd,TA,PConc,Ex,TA,Gd,GLQ,80,Unf,0,1652,1732,GasA,Ex,Y,SBrkr,1776,0,0,1776,1,0,2,0,3,1,Gd,7,Typ,1,Gd,Attchd,2006.0,Fin,3,712,TA,TA,Y,0,0,0,0,0,0,,,,0,5,2007,New,Partial,283463
1349,20,RL,,16196,Pave,,IR3,Low,AllPub,Inside,Gtl,SawyerW,Norm,Norm,1Fam,1Story,7,5,1998,1998,Gable,CompShg,VinylSd,VinylSd,None,0.0,Gd,TA,PConc,Gd,TA,Gd,GLQ,1443,Unf,0,39,1482,GasA,Ex,Y,SBrkr,1494,0,0,1494,1,0,2,0,3,1,Gd,5,Typ,1,Fa,Attchd,1998.0,RFn,2,514,TA,TA,Y,402,25,0,0,0,0,,,,0,8,2007,WD,Normal,215000
1350,70,RM,50.0,5250,Pave,Pave,Reg,Lvl,AllPub,Inside,Gtl,OldTown,Norm,Norm,1Fam,2Story,8,5,1872,1987,Gable,CompShg,MetalSd,MetalSd,None,0.0,TA,Gd,BrkTil,TA,Fa,No,LwQ,259,Unf,0,425,684,OthW,Fa,N,SBrkr,938,1215,205,2358,0,0,2,0,4,1,TA,8,Typ,0,,,,,0,0,,,Y,0,54,20,0,0,0,,,,0,12,2008,WD,Normal,122000
1351,90,RL,91.0,11643,Pave,,Reg,Lvl,AllPub,Inside,Gtl,NAmes,Artery,Norm,Duplex,2Story,5,5,1969,1969,Gable,CompShg,MetalSd,MetalSd,BrkFace,368.0,TA,TA,CBlock,TA,TA,No,LwQ,500,Unf,0,748,1248,GasA,TA,Y,SBrkr,1338,1296,0,2634,1,1,2,2,6,2,TA,12,Typ,0,,Detchd,1969.0,Unf,4,968,TA,TA,Y,0,0,0,0,0,0,,,,0,8,2009,WD,Normal,200000
1352,60,RL,70.0,9247,Pave,,IR1,Lvl,AllPub,Inside,Gtl,NAmes,Norm,Norm,1Fam,2Story,6,6,1962,1962,Gable,CompShg,HdBoard,HdBoard,BrkFace,318.0,TA,TA,CBlock,TA,TA,No,Rec,319,Unf,0,539,858,GasA,Ex,Y,SBrkr,858,858,0,1716,0,0,1,1,4,1,TA,8,Typ,1,Gd,Attchd,1962.0,Fin,2,490,TA,TA,Y,0,84,0,0,120,0,,,,0,3,2008,WD,Normal,171000
1353,50,RM,50.0,6000,Pave,,Reg,Lvl,AllPub,Inside,Gtl,BrkSide,Norm,Norm,1Fam,1.5Fin,6,9,1937,2000,Gable,CompShg,MetalSd,MetalSd,None,0.0,Gd,TA,BrkTil,TA,TA,No,Unf,0,Unf,0,698,698,GasA,TA,Y,SBrkr,786,390,0,1176,0,0,1,0,2,1,TA,4,Typ,0,,Detchd,1999.0,Unf,2,624,TA,TA,N,210,0,0,0,0,0,,,,0,7,2009,WD,Normal,134900
1354,50,RL,56.0,14720,Pave,,IR1,Lvl,AllPub,CulDSac,Gtl,NoRidge,Norm,Norm,1Fam,1.5Fin,8,5,1995,1996,Hip,CompShg,VinylSd,VinylSd,BrkFace,579.0,Gd,TA,PConc,Gd,TA,Av,GLQ,816,Unf,0,1217,2033,GasA,Ex,Y,SBrkr,2053,1185,0,3238,1,0,2,1,4,1,Gd,9,Typ,1,Ex,Attchd,1996.0,Fin,3,666,TA,TA,Y,283,86,0,0,0,0,,,,0,3,2010,WD,Normal,410000
1355,60,RL,,10316,Pave,,IR1,Lvl,AllPub,Inside,Gtl,CollgCr,Norm,Norm,1Fam,2Story,7,5,2000,2000,Gable,CompShg,VinylSd,VinylSd,None,0.0,Gd,TA,PConc,Gd,TA,No,GLQ,735,Unf,0,257,992,GasA,Ex,Y,SBrkr,992,873,0,1865,1,0,2,1,3,1,Gd,7,Typ,1,TA,Attchd,2000.0,RFn,3,839,TA,TA,Y,0,184,0,0,0,0,,,,0,6,2008,WD,Normal,235000
1356,80,RL,102.0,10192,Pave,,IR1,Lvl,AllPub,Inside,Gtl,NWAmes,Norm,Norm,1Fam,SLvl,7,6,1968,1992,Gable,CompShg,MetalSd,MetalSd,BrkFace,143.0,TA,TA,CBlock,TA,TA,No,Unf,0,Unf,0,570,570,GasA,Gd,Y,SBrkr,1222,698,0,1920,0,0,3,0,4,1,Gd,8,Typ,1,TA,Attchd,1968.0,RFn,2,487,TA,TA,Y,0,98,0,0,0,0,,GdPrv,,0,9,2006,WD,Normal,170000
1357,20,RL,,9477,Pave,,Reg,Lvl,AllPub,Corner,Gtl,NAmes,Norm,Norm,1Fam,1Story,5,5,1966,1966,Gable,CompShg,HdBoard,HdBoard,BrkFace,65.0,TA,TA,CBlock,TA,TA,No,Rec,340,Unf,0,524,864,GasA,TA,Y,SBrkr,892,0,0,892,0,0,1,0,3,1,TA,5,Typ,0,,Attchd,1966.0,RFn,1,264,TA,TA,Y,0,0,0,0,0,0,,GdWo,,0,10,2008,WD,Normal,110000
1358,20,RL,,12537,Pave,,IR1,Lvl,AllPub,CulDSac,Gtl,NAmes,Norm,Norm,1Fam,1Story,5,6,1971,2008,Gable,CompShg,VinylSd,VinylSd,None,0.0,TA,TA,CBlock,TA,TA,No,GLQ,734,Unf,0,344,1078,GasA,Ex,Y,SBrkr,1078,0,0,1078,1,0,1,1,3,1,TA,6,Typ,1,Fa,Attchd,1971.0,Fin,2,500,TA,TA,Y,0,0,0,0,0,0,,,,0,4,2010,WD,Normal,149900
1359,160,FV,,2117,Pave,,Reg,Lvl,AllPub,Inside,Gtl,Somerst,Norm,Norm,Twnhs,2Story,6,5,2000,2000,Gable,CompShg,MetalSd,MetalSd,BrkFace,216.0,Gd,TA,PConc,Gd,TA,No,GLQ,378,Unf,0,378,756,GasA,Ex,Y,SBrkr,769,804,0,1573,0,0,2,1,3,1,Gd,5,Typ,0,,Detchd,2000.0,Unf,2,440,TA,TA,Y,0,32,0,0,0,0,,,,0,6,2010,WD,Normal,177500
1360,20,RL,129.0,16737,Pave,,Reg,Lvl,AllPub,FR3,Gtl,NridgHt,Norm,Norm,1Fam,1Story,9,5,2004,2005,Hip,CompShg,VinylSd,VinylSd,BrkFace,66.0,Gd,TA,PConc,Ex,TA,Av,GLQ,1447,Unf,0,533,1980,GasA,Ex,Y,SBrkr,1980,0,0,1980,1,0,2,0,3,1,Ex,8,Typ,1,Gd,Attchd,2004.0,Fin,3,770,TA,TA,Y,194,45,0,0,0,0,,,,0,9,2006,WD,Normal,315000
1361,70,RL,51.0,9842,Pave,,Reg,Lvl,AllPub,Inside,Gtl,SWISU,Feedr,Norm,1Fam,2Story,5,6,1921,1998,Gable,CompShg,MetalSd,Wd Sdng,None,0.0,TA,TA,BrkTil,TA,Fa,No,Unf,0,Unf,0,612,612,GasA,Ex,Y,SBrkr,990,1611,0,2601,0,0,3,1,4,1,TA,8,Typ,0,,BuiltIn,1998.0,RFn,2,621,TA,TA,Y,183,0,301,0,0,0,,,,0,5,2008,WD,Normal,189000
1362,20,RL,124.0,16158,Pave,,IR1,Low,AllPub,Inside,Mod,StoneBr,Norm,Norm,1Fam,1Story,7,5,2005,2005,Hip,CompShg,VinylSd,VinylSd,Stone,16.0,Gd,TA,PConc,Ex,TA,Av,ALQ,1274,Unf,0,256,1530,GasA,Ex,Y,SBrkr,1530,0,0,1530,1,0,2,0,3,1,Gd,7,Typ,1,Gd,Attchd,2005.0,Fin,2,430,TA,TA,Y,168,36,0,0,0,0,,,,0,6,2009,WD,Normal,260000
1363,50,RL,,12513,Pave,,IR1,Lvl,AllPub,FR2,Gtl,NAmes,Feedr,Norm,1Fam,1.5Fin,4,4,1920,2007,Gable,CompShg,VinylSd,VinylSd,None,0.0,TA,Gd,BrkTil,TA,Fa,No,Unf,0,Unf,0,715,715,GasA,Gd,Y,SBrkr,1281,457,0,1738,0,0,2,0,4,1,TA,7,Typ,1,Gd,Attchd,1920.0,Unf,1,368,TA,TA,Y,55,0,0,0,0,0,,,,0,6,2009,WD,Normal,104900
1364,60,RL,73.0,8499,Pave,,IR1,Lvl,AllPub,Inside,Gtl,Gilbert,Norm,Norm,1Fam,2Story,6,5,2006,2007,Gable,CompShg,VinylSd,VinylSd,None,0.0,TA,TA,PConc,Gd,TA,No,Unf,0,Unf,0,616,616,GasA,Ex,Y,SBrkr,616,796,0,1412,0,0,2,1,3,1,Gd,6,Typ,1,Gd,BuiltIn,2007.0,Fin,2,432,TA,TA,Y,0,36,0,0,0,0,,,,0,3,2007,New,Partial,156932
1365,160,FV,30.0,3180,Pave,Pave,Reg,Lvl,AllPub,Inside,Gtl,Somerst,Norm,Norm,TwnhsE,2Story,7,5,2005,2005,Gable,CompShg,MetalSd,MetalSd,None,0.0,Gd,TA,PConc,Gd,TA,No,Unf,0,Unf,0,600,600,GasA,Ex,Y,SBrkr,520,600,80,1200,0,0,2,1,2,1,Gd,4,Typ,0,,Detchd,2005.0,RFn,2,480,TA,TA,Y,0,166,0,0,0,0,,,,0,4,2006,WD,Abnorml,144152
1366,60,FV,,7500,Pave,,Reg,Lvl,AllPub,Inside,Gtl,Somerst,Norm,Norm,1Fam,2Story,7,5,2000,2000,Gable,CompShg,VinylSd,VinylSd,None,0.0,Gd,TA,PConc,Gd,TA,No,GLQ,533,Unf,0,281,814,GasA,Ex,Y,SBrkr,814,860,0,1674,1,0,2,1,3,1,Gd,7,Typ,0,,Attchd,2000.0,RFn,2,663,TA,TA,Y,0,96,0,0,0,0,,,,0,1,2010,WD,Normal,216000
1367,60,RL,68.0,9179,Pave,,IR1,Lvl,AllPub,Inside,Gtl,CollgCr,Norm,Norm,1Fam,2Story,7,5,1999,1999,Gable,CompShg,VinylSd,VinylSd,BrkFace,158.0,Gd,TA,PConc,Gd,TA,No,GLQ,633,Unf,0,240,873,GasA,Ex,Y,SBrkr,882,908,0,1790,1,0,2,1,3,1,Gd,7,Typ,0,,Attchd,1999.0,RFn,2,588,TA,TA,Y,0,88,0,0,0,0,,,,0,6,2008,WD,Abnorml,193000
1368,160,RM,41.0,2665,Pave,,Reg,Lvl,AllPub,Inside,Gtl,MeadowV,Norm,Norm,TwnhsE,2Story,5,6,1977,1977,Gable,CompShg,CemntBd,CmentBd,None,0.0,TA,TA,PConc,TA,TA,No,ALQ,548,Rec,173,36,757,GasA,Ex,Y,SBrkr,925,550,0,1475,0,0,2,0,4,1,TA,6,Typ,1,TA,Attchd,1977.0,RFn,1,336,TA,TA,Y,104,26,0,0,0,0,,,,0,7,2006,WD,Normal,127000
1369,120,RM,,4435,Pave,,Reg,Lvl,AllPub,Inside,Gtl,CollgCr,Norm,Norm,TwnhsE,1Story,6,5,2003,2004,Gable,CompShg,VinylSd,VinylSd,BrkFace,170.0,Gd,TA,PConc,Gd,TA,Av,GLQ,685,Unf,0,163,848,GasA,Ex,Y,SBrkr,848,0,0,848,1,0,1,0,1,1,Gd,4,Typ,0,,Attchd,2003.0,Fin,2,420,TA,TA,Y,140,0,0,0,0,0,,,,0,6,2009,WD,Normal,144000
1370,20,RL,48.0,10635,Pave,,IR2,Lvl,AllPub,FR2,Gtl,CollgCr,Norm,Norm,1Fam,1Story,8,5,2003,2003,Hip,CompShg,VinylSd,VinylSd,BrkFace,171.0,Gd,TA,PConc,Gd,TA,Av,BLQ,370,GLQ,972,315,1657,GasA,Ex,Y,SBrkr,1668,0,0,1668,1,0,2,0,3,1,Gd,8,Typ,1,TA,Attchd,2003.0,Fin,2,502,TA,TA,Y,0,262,0,0,0,0,,,,0,5,2010,WD,Normal,232000
1371,50,RL,90.0,5400,Pave,,Reg,Lvl,AllPub,Corner,Gtl,OldTown,Artery,Norm,1Fam,1.5Fin,4,6,1920,1950,Gable,CompShg,CBlock,CBlock,None,0.0,Fa,TA,PConc,TA,TA,No,ALQ,315,Rec,105,420,840,GasA,Ex,Y,SBrkr,840,534,0,1374,0,0,1,0,2,1,TA,6,Typ,0,,Detchd,1967.0,Fin,1,338,TA,TA,Y,0,0,198,0,0,0,,,,0,10,2009,WD,Normal,105000
1372,80,RL,80.0,9600,Pave,,Reg,Lvl,AllPub,Inside,Gtl,NAmes,Norm,Norm,1Fam,SLvl,6,6,1955,1996,Hip,CompShg,AsbShng,AsbShng,None,0.0,TA,TA,CBlock,TA,TA,Av,BLQ,831,Unf,0,161,992,GasA,Gd,Y,SBrkr,1661,0,0,1661,1,0,1,0,3,1,Gd,8,Typ,1,TA,BuiltIn,1955.0,RFn,1,377,TA,TA,Y,0,28,0,0,178,0,,MnPrv,,0,10,2008,WD,Normal,165500
1373,60,RL,75.0,9750,Pave,,Reg,Lvl,AllPub,Corner,Gtl,CollgCr,Norm,Norm,1Fam,2Story,7,6,1998,1998,Gable,CompShg,VinylSd,VinylSd,None,0.0,TA,TA,PConc,Gd,TA,Av,GLQ,975,Unf,0,133,1108,GasA,Ex,Y,SBrkr,1108,989,0,2097,1,0,2,1,3,1,Gd,8,Typ,1,TA,Detchd,1998.0,RFn,2,583,TA,TA,Y,253,170,0,0,0,0,,,,0,6,2006,WD,Normal,274300
1374,20,RL,,11400,Pave,,Reg,Lvl,AllPub,Inside,Gtl,NoRidge,Norm,Norm,1Fam,1Story,10,5,2001,2002,Hip,CompShg,VinylSd,VinylSd,BrkFace,705.0,Ex,TA,PConc,Ex,TA,Gd,GLQ,1282,Unf,0,1351,2633,GasA,Ex,Y,SBrkr,2633,0,0,2633,1,0,2,1,2,1,Ex,8,Typ,2,Gd,Attchd,2001.0,RFn,3,804,TA,TA,Y,314,140,0,0,0,0,,,,0,3,2007,WD,Normal,466500
1375,60,FV,85.0,10625,Pave,,Reg,Lvl,AllPub,Inside,Gtl,Somerst,Norm,Norm,1Fam,2Story,7,5,2005,2005,Gable,CompShg,CemntBd,CmentBd,None,0.0,Gd,TA,PConc,Gd,TA,No,Unf,0,Unf,0,1026,1026,GasA,Ex,Y,SBrkr,1026,932,0,1958,0,0,2,1,3,1,Gd,9,Typ,1,Gd,Attchd,2005.0,Fin,3,936,TA,TA,Y,154,210,0,0,0,0,,,,0,7,2008,WD,Normal,250000
1376,20,RL,89.0,10991,Pave,,IR1,HLS,AllPub,Inside,Gtl,Timber,Norm,Norm,1Fam,1Story,8,5,2007,2007,Gable,CompShg,VinylSd,VinylSd,BrkFace,80.0,Gd,TA,PConc,Gd,TA,Gd,Unf,0,Unf,0,1571,1571,GasA,Ex,Y,SBrkr,1571,0,0,1571,0,0,2,0,3,1,Gd,7,Typ,1,Gd,Attchd,2007.0,Fin,3,722,TA,TA,Y,100,36,0,0,0,0,,,,0,12,2007,New,Partial,239000
1377,30,RL,52.0,6292,Pave,,Reg,Bnk,AllPub,Inside,Gtl,SWISU,Norm,Norm,1Fam,1Story,6,5,1930,1950,Gable,CompShg,Wd Sdng,Wd Sdng,None,0.0,TA,TA,BrkTil,Gd,TA,Mn,Rec,384,Unf,0,384,768,GasA,TA,N,SBrkr,790,0,0,790,0,0,1,0,2,1,TA,4,Typ,0,,Detchd,1925.0,Unf,1,160,Fa,TA,Y,0,141,0,0,0,0,,,,0,4,2008,WD,Normal,91000
1378,50,RL,60.0,10998,Pave,Grvl,Reg,Lvl,AllPub,Inside,Gtl,Edwards,Norm,Norm,1Fam,1.5Fin,5,5,1941,1960,Gable,CompShg,Wd Sdng,Wd Sdng,None,0.0,TA,TA,CBlock,TA,TA,No,LwQ,408,BLQ,420,156,984,GasA,Ex,Y,SBrkr,984,620,0,1604,0,0,2,0,3,1,TA,6,Min2,0,,Detchd,1977.0,Unf,2,660,TA,TA,Y,0,68,0,0,0,0,,,,0,7,2009,WD,Normal,117000
1379,160,RM,21.0,1953,Pave,,Reg,Lvl,AllPub,Inside,Gtl,BrDale,Norm,Norm,Twnhs,2Story,6,5,1973,1973,Gable,CompShg,HdBoard,HdBoard,BrkFace,408.0,TA,TA,CBlock,TA,Fa,No,BLQ,309,Unf,0,174,483,GasA,TA,Y,SBrkr,483,504,0,987,0,0,1,1,2,1,TA,5,Typ,0,,Detchd,1973.0,Unf,1,264,TA,TA,Y,72,0,0,0,0,0,,,,0,6,2006,WD,Normal,83000
1380,80,RL,73.0,9735,Pave,,Reg,Lvl,AllPub,Inside,Gtl,Timber,Norm,Norm,1Fam,SLvl,5,5,2006,2007,Gable,CompShg,VinylSd,VinylSd,None,0.0,TA,TA,PConc,Gd,TA,No,Unf,0,Unf,0,384,384,GasA,Gd,Y,,754,640,0,1394,0,0,2,1,3,1,Gd,7,Typ,0,,BuiltIn,2007.0,Fin,2,400,TA,TA,Y,100,0,0,0,0,0,,,,0,5,2008,WD,Normal,167500
1381,30,RL,45.0,8212,Pave,Grvl,Reg,Lvl,AllPub,Inside,Gtl,Edwards,Norm,Norm,1Fam,1Story,3,3,1914,1950,Gable,CompShg,Stucco,Stucco,None,0.0,TA,Fa,BrkTil,TA,Fa,No,Rec,203,Unf,0,661,864,GasA,TA,N,FuseF,864,0,0,864,1,0,1,0,2,1,TA,5,Typ,0,,Detchd,1938.0,Unf,1,200,TA,Fa,Y,0,0,96,0,0,0,,,,0,6,2010,WD,Normal,58500
1382,20,RL,,12925,Pave,,IR1,Lvl,AllPub,Corner,Gtl,NAmes,Norm,Norm,1Fam,1Story,6,7,1970,1970,Gable,CompShg,BrkFace,Plywood,None,0.0,TA,TA,CBlock,TA,TA,Mn,BLQ,865,Unf,0,340,1205,GasA,Ex,Y,SBrkr,2117,0,0,2117,0,0,2,1,4,1,TA,7,Typ,2,Gd,Attchd,1970.0,Fin,2,550,TA,TA,Y,0,42,0,0,0,0,,,,0,5,2008,WD,Normal,237500
1383,70,RM,60.0,7200,Pave,,Reg,Lvl,AllPub,Corner,Gtl,OldTown,Norm,Norm,1Fam,2Story,7,7,1920,1950,Hip,CompShg,Wd Sdng,Wd Sdng,None,0.0,TA,TA,BrkTil,Fa,TA,No,Unf,0,Unf,0,596,596,GasA,Ex,Y,SBrkr,998,764,0,1762,1,0,1,1,4,1,Gd,8,Typ,0,,Detchd,1989.0,Unf,2,576,TA,TA,N,36,0,221,0,0,0,,,,0,10,2006,WD,Normal,157000
1384,30,RL,,25339,Pave,,Reg,Lvl,AllPub,Inside,Gtl,Sawyer,Norm,Norm,1Fam,1Story,5,7,1918,2007,Gable,CompShg,Wd Sdng,Wd Sdng,None,0.0,TA,Gd,BrkTil,TA,TA,No,Unf,0,Unf,0,816,816,GasA,Ex,Y,SBrkr,1416,0,0,1416,0,0,2,0,3,1,Gd,7,Typ,0,,Attchd,2007.0,Unf,2,576,TA,TA,N,0,0,112,0,0,0,,,,0,8,2007,WD,Normal,112000
1385,50,RL,60.0,9060,Pave,,Reg,Lvl,AllPub,Inside,Gtl,Edwards,Norm,Norm,1Fam,1.5Fin,6,5,1939,1950,Gable,CompShg,WdShing,Wd Shng,None,0.0,TA,TA,BrkTil,TA,TA,Mn,Rec,204,Unf,0,356,560,GasA,TA,Y,SBrkr,698,560,0,1258,0,0,1,0,2,1,TA,6,Typ,0,,Detchd,1939.0,Unf,1,280,TA,TA,P,0,0,0,0,0,0,,MnPrv,,0,10,2009,WD,Normal,105000
1386,50,RM,40.0,5436,Pave,,Reg,Lvl,AllPub,Inside,Gtl,IDOTRR,Norm,Norm,1Fam,1.5Fin,4,8,1922,2007,Gable,CompShg,VinylSd,VinylSd,None,0.0,TA,Gd,BrkTil,TA,TA,No,BLQ,735,Unf,0,61,796,GasA,Gd,Y,SBrkr,796,358,0,1154,1,0,1,0,3,1,Gd,7,Typ,0,,Detchd,1922.0,Unf,1,240,TA,TA,N,0,96,0,0,0,0,,MnPrv,,0,5,2010,WD,Normal,125500
1387,60,RL,80.0,16692,Pave,,IR1,Lvl,AllPub,Inside,Gtl,NWAmes,RRAn,Norm,1Fam,2Story,7,5,1978,1978,Gable,CompShg,Plywood,Plywood,BrkFace,184.0,TA,TA,CBlock,Gd,TA,No,BLQ,790,LwQ,469,133,1392,GasA,TA,Y,SBrkr,1392,1392,0,2784,1,0,3,1,5,1,Gd,12,Typ,2,TA,Attchd,1978.0,RFn,2,564,TA,TA,Y,0,112,0,0,440,519,Fa,MnPrv,TenC,2000,7,2006,WD,Normal,250000
1388,50,RM,60.0,8520,Pave,Grvl,Reg,Lvl,AllPub,Inside,Gtl,OldTown,Artery,Norm,1Fam,1.5Fin,6,7,1916,1950,Gable,CompShg,Stucco,Stucco,None,0.0,TA,Gd,BrkTil,TA,TA,No,Rec,168,LwQ,546,0,714,GasW,TA,N,SBrkr,1664,862,0,2526,0,0,2,0,5,1,Gd,10,Typ,1,Gd,Detchd,1916.0,Unf,1,216,TA,TA,Y,88,15,0,0,0,0,,GdWo,,0,8,2007,CWD,Family,136000
1389,20,RL,42.0,14892,Pave,,IR1,HLS,AllPub,CulDSac,Gtl,Gilbert,Norm,Norm,1Fam,1Story,9,5,2006,2007,Gable,CompShg,VinylSd,VinylSd,Stone,160.0,Ex,TA,PConc,Ex,TA,Gd,GLQ,1320,Unf,0,426,1746,GasA,Ex,Y,SBrkr,1746,0,0,1746,1,0,2,0,3,1,Ex,7,Typ,2,Gd,Attchd,2006.0,Fin,3,758,TA,TA,Y,201,39,0,0,0,0,,,,0,10,2009,WD,Normal,377500
1390,50,RM,60.0,6000,Pave,,Reg,Lvl,AllPub,Inside,Gtl,BrkSide,Norm,Norm,1Fam,1.5Fin,6,6,1941,1950,Gable,CompShg,Wd Sdng,Wd Sdng,None,0.0,TA,Gd,BrkTil,TA,Gd,No,ALQ,375,Unf,0,360,735,GasA,Ex,Y,SBrkr,869,349,0,1218,0,1,1,0,3,1,TA,6,Typ,1,Gd,Detchd,2003.0,Unf,2,440,TA,TA,Y,0,0,0,0,0,0,,,,0,3,2007,WD,Normal,131000
1391,20,RL,70.0,9100,Pave,,Reg,Lvl,AllPub,Inside,Gtl,CollgCr,Norm,Norm,1Fam,1Story,7,5,2000,2000,Gable,CompShg,VinylSd,VinylSd,BrkFace,244.0,Gd,TA,PConc,Gd,TA,Av,GLQ,1400,Unf,0,125,1525,GasA,Ex,Y,SBrkr,1525,0,0,1525,1,0,2,0,3,1,Gd,6,Typ,0,,Attchd,2000.0,RFn,2,541,TA,TA,Y,219,36,0,0,0,0,,,,0,9,2006,WD,Normal,235000
1392,90,RL,65.0,8944,Pave,,Reg,Lvl,AllPub,Inside,Gtl,NAmes,Norm,Norm,Duplex,1Story,5,5,1967,1967,Gable,CompShg,Plywood,Plywood,None,0.0,TA,TA,CBlock,TA,TA,No,Unf,0,Unf,0,1584,1584,GasA,TA,Y,SBrkr,1584,0,0,1584,0,0,2,0,4,2,TA,8,Mod,0,,Detchd,1967.0,Unf,3,792,TA,TA,Y,0,152,0,0,0,0,,,,0,4,2009,WD,Normal,124000
1393,85,RL,68.0,7838,Pave,,Reg,Lvl,AllPub,Inside,Gtl,NAmes,Norm,Norm,1Fam,SFoyer,5,5,1967,1967,Gable,CompShg,HdBoard,HdBoard,None,0.0,TA,TA,CBlock,TA,TA,Av,ALQ,769,Unf,0,95,864,GasA,TA,Y,SBrkr,900,0,0,900,1,0,1,0,3,1,TA,6,Typ,1,Po,Attchd,1967.0,RFn,1,288,TA,TA,Y,175,144,0,0,0,0,,MnWw,,0,12,2006,WD,Normal,123000
1394,190,RM,60.0,10800,Pave,Pave,Reg,Lvl,AllPub,Inside,Gtl,OldTown,Norm,Norm,2fmCon,1.5Fin,6,7,1905,2000,Gable,CompShg,Wd Sdng,Wd Sdng,None,0.0,TA,TA,BrkTil,Fa,TA,No,Unf,0,Unf,0,482,482,GasA,Ex,N,SBrkr,1221,691,0,1912,0,0,2,0,3,2,TA,7,Typ,1,TA,Detchd,2003.0,Unf,2,672,Gd,TA,Y,0,25,212,0,0,0,,,,0,4,2008,WD,Normal,163000
1395,120,RL,53.0,4045,Pave,,Reg,Lvl,AllPub,Inside,Gtl,Blmngtn,Norm,Norm,TwnhsE,1Story,7,5,2006,2006,Hip,CompShg,VinylSd,VinylSd,BrkFace,45.0,Gd,TA,PConc,Gd,TA,Av,GLQ,1070,Unf,0,286,1356,GasA,Ex,Y,SBrkr,1500,0,0,1500,1,0,2,0,2,1,Gd,6,Typ,1,Gd,Attchd,2006.0,Fin,3,648,TA,TA,Y,161,20,0,0,0,0,,,,0,10,2006,New,Partial,246578
1396,60,RL,88.0,12665,Pave,,IR1,Lvl,AllPub,Inside,Gtl,Timber,Norm,Norm,1Fam,2Story,8,5,2005,2006,Hip,CompShg,VinylSd,VinylSd,BrkFace,245.0,Gd,TA,PConc,Gd,Gd,Gd,Unf,0,Unf,0,1094,1094,GasA,Ex,Y,SBrkr,1133,1349,0,2482,0,0,2,1,4,1,Gd,9,Typ,1,Gd,BuiltIn,2005.0,Fin,3,642,TA,TA,Y,144,39,0,0,0,0,,,,0,2,2007,WD,Normal,281213
1397,20,RL,,57200,Pave,,IR1,Bnk,AllPub,Inside,Sev,Timber,Norm,Norm,1Fam,1Story,5,5,1948,1950,Gable,CompShg,Wd Sdng,Wd Sdng,None,0.0,TA,TA,CBlock,TA,TA,Av,BLQ,353,Rec,334,60,747,GasA,TA,Y,SBrkr,1687,0,0,1687,1,0,1,0,3,1,TA,7,Min1,2,TA,Detchd,1966.0,Unf,2,572,TA,TA,N,0,0,50,0,0,0,,,,0,6,2010,WD,Normal,160000
1398,70,RM,51.0,6120,Pave,,Reg,Lvl,AllPub,Inside,Gtl,BrkSide,Norm,Norm,1Fam,2Story,5,8,1920,2004,Gable,CompShg,MetalSd,MetalSd,None,0.0,TA,TA,BrkTil,TA,TA,Mn,Unf,0,Unf,0,939,939,GasA,Ex,Y,SBrkr,939,574,0,1513,0,0,1,1,4,1,TA,8,Typ,0,,Detchd,1933.0,Unf,1,180,Fa,Fa,N,24,0,150,0,0,0,,,,0,5,2007,WD,Normal,137500
1399,50,RL,60.0,7200,Pave,,Reg,Lvl,AllPub,Inside,Gtl,NAmes,Norm,Norm,1Fam,1.5Fin,5,4,1950,1982,Gable,CompShg,VinylSd,Wd Sdng,None,0.0,TA,TA,CBlock,TA,TA,No,Rec,180,BLQ,352,676,1208,GasA,Gd,Y,FuseA,1136,768,0,1904,1,0,1,1,3,1,TA,7,Min1,0,,Attchd,1950.0,Unf,1,240,TA,TA,Y,0,0,168,0,0,0,,GdPrv,,0,5,2009,WD,Normal,138000
1400,50,RL,51.0,6171,Pave,,Reg,Lvl,AllPub,Inside,Gtl,SWISU,Norm,Norm,1Fam,1.5Fin,6,6,1925,1990,Gable,CompShg,WdShing,Wd Shng,None,0.0,TA,TA,BrkTil,TA,TA,No,BLQ,264,Unf,0,712,976,GasA,Ex,Y,SBrkr,1160,448,0,1608,0,0,2,1,3,1,Gd,7,Typ,1,Gd,Detchd,1925.0,Unf,1,216,Fa,TA,Y,147,16,0,0,0,0,,MnPrv,,0,10,2009,WD,Normal,137450
1401,50,RM,50.0,6000,Pave,,Reg,Lvl,AllPub,Corner,Gtl,BrkSide,Norm,Norm,1Fam,1.5Fin,6,7,1929,1950,Gable,CompShg,WdShing,Wd Shng,None,0.0,TA,TA,BrkTil,TA,TA,No,Unf,0,Unf,0,862,862,GasA,TA,Y,SBrkr,950,208,0,1158,0,0,1,0,3,1,TA,5,Typ,1,Gd,BuiltIn,1929.0,RFn,1,208,TA,TA,Y,0,0,112,0,0,0,,,,0,7,2008,WD,Normal,120000
1402,60,RL,62.0,7415,Pave,,IR1,Lvl,AllPub,Inside,Gtl,Gilbert,Norm,Norm,1Fam,2Story,6,5,2004,2004,Gable,CompShg,VinylSd,VinylSd,None,0.0,TA,TA,PConc,TA,TA,No,GLQ,759,Unf,0,80,839,GasA,Ex,Y,SBrkr,864,729,0,1593,1,0,2,1,3,1,TA,8,Typ,1,TA,Attchd,2004.0,Fin,2,398,TA,TA,Y,100,75,0,0,0,0,,,,0,4,2008,WD,Normal,193000
1403,20,RL,64.0,6762,Pave,,Reg,Lvl,AllPub,Inside,Gtl,CollgCr,Norm,Norm,1Fam,1Story,7,5,2006,2006,Gable,CompShg,VinylSd,VinylSd,None,0.0,Gd,TA,PConc,Gd,Gd,Av,Unf,0,Unf,0,1286,1286,GasA,Ex,Y,SBrkr,1294,0,0,1294,0,0,2,0,2,1,Gd,6,Typ,1,Gd,Attchd,2006.0,RFn,2,662,TA,TA,Y,168,55,0,0,0,0,,,,0,7,2006,New,Partial,193879
1404,20,RL,49.0,15256,Pave,,IR1,Lvl,AllPub,CulDSac,Gtl,Somerst,RRAn,Norm,1Fam,1Story,8,5,2007,2007,Gable,CompShg,VinylSd,VinylSd,Stone,84.0,Gd,TA,PConc,Gd,TA,Gd,GLQ,929,Unf,0,556,1485,GasA,Ex,Y,SBrkr,1464,0,0,1464,1,0,2,0,3,1,Gd,6,Typ,0,,Attchd,2007.0,Unf,3,754,TA,TA,Y,168,160,0,0,0,0,,,,0,8,2007,WD,Normal,282922
1405,50,RL,60.0,10410,Pave,Grvl,Reg,Lvl,AllPub,Corner,Gtl,OldTown,Artery,Norm,1Fam,1.5Fin,3,4,1915,1950,Gable,CompShg,Wd Sdng,Wd Sdng,None,0.0,TA,TA,PConc,TA,TA,No,Unf,0,Unf,0,672,672,GasA,TA,Y,SBrkr,694,520,0,1214,0,0,1,0,3,1,TA,6,Typ,0,,Detchd,1998.0,Unf,3,936,TA,TA,Y,216,0,160,0,0,0,,MnPrv,,0,1,2006,WD,Family,105000
1406,120,RM,44.0,3842,Pave,,IR1,HLS,AllPub,Inside,Mod,Crawfor,Norm,Norm,TwnhsE,1Story,8,5,2004,2005,Hip,CompShg,CemntBd,CmentBd,Stone,174.0,Gd,TA,PConc,Ex,TA,Gd,GLQ,1373,Unf,0,221,1594,GasA,Ex,Y,SBrkr,1646,0,0,1646,1,1,2,0,2,1,Gd,5,Typ,1,Gd,Attchd,2004.0,Fin,2,482,TA,TA,Y,128,53,0,0,155,0,,,,0,1,2008,WD,Normal,275000
1407,85,RL,70.0,8445,Pave,,Reg,Lvl,AllPub,Corner,Gtl,CollgCr,Norm,Norm,1Fam,SFoyer,5,7,1972,2007,Gable,CompShg,HdBoard,Wd Shng,None,0.0,TA,TA,CBlock,Gd,TA,Av,GLQ,656,Unf,0,112,768,GasA,TA,Y,SBrkr,768,0,0,768,1,0,1,0,2,1,TA,5,Typ,0,,Detchd,1988.0,Unf,2,396,TA,TA,Y,58,0,0,0,0,0,,MnPrv,,0,3,2009,WD,Normal,133000
1408,20,RL,,8780,Pave,,IR1,Lvl,AllPub,Corner,Gtl,Mitchel,Norm,Norm,1Fam,1Story,5,5,1985,1985,Gable,CompShg,HdBoard,Plywood,None,0.0,TA,TA,CBlock,TA,TA,No,ALQ,625,Unf,0,208,833,GasA,Ex,Y,SBrkr,833,0,0,833,1,0,1,0,3,1,TA,5,Typ,0,,,,,0,0,,,Y,0,0,0,0,0,0,,MnPrv,,0,3,2009,WD,Normal,112000
1409,70,RM,60.0,7740,Pave,,Reg,Lvl,AllPub,Inside,Gtl,OldTown,Norm,Norm,1Fam,2Story,4,7,1910,1950,Gable,CompShg,VinylSd,VinylSd,None,0.0,TA,TA,CBlock,Fa,TA,No,Unf,0,Unf,0,622,622,GasA,Gd,Y,SBrkr,741,622,0,1363,0,0,1,0,3,1,TA,6,Typ,0,,Detchd,1966.0,Unf,2,528,TA,TA,Y,0,0,0,0,168,0,,,,0,6,2010,WD,Normal,125500
1410,60,RL,46.0,20544,Pave,,IR1,Lvl,AllPub,CulDSac,Gtl,NWAmes,Norm,Norm,1Fam,2Story,7,6,1986,1991,Gable,CompShg,Plywood,Plywood,BrkFace,123.0,TA,Gd,CBlock,Gd,TA,No,Unf,0,Unf,0,791,791,GasA,Gd,Y,SBrkr,1236,857,0,2093,0,0,2,1,3,1,TA,7,Typ,1,TA,Attchd,1986.0,Fin,2,542,TA,TA,Y,364,63,0,0,0,0,,MnPrv,,0,11,2008,WD,Normal,215000
1411,60,RL,79.0,12420,Pave,,Reg,Lvl,AllPub,Inside,Gtl,CollgCr,Norm,Norm,1Fam,2Story,7,5,2001,2001,Gable,CompShg,VinylSd,VinylSd,None,0.0,Gd,TA,PConc,Gd,TA,No,GLQ,666,Unf,0,278,944,GasA,Ex,Y,SBrkr,944,896,0,1840,1,0,2,1,3,1,Gd,6,Typ,0,,Attchd,2001.0,RFn,2,622,TA,TA,Y,0,45,0,0,0,0,,,,0,6,2009,WD,Normal,230000
1412,50,RL,80.0,9600,Pave,,Reg,Lvl,AllPub,Inside,Gtl,NAmes,Norm,Norm,1Fam,1.5Fin,6,8,1950,2005,Gable,CompShg,VinylSd,VinylSd,None,0.0,TA,Gd,CBlock,TA,TA,No,BLQ,120,Unf,0,736,856,GasA,Ex,Y,SBrkr,1112,556,0,1668,0,0,1,1,3,1,TA,6,Min2,0,,Attchd,1950.0,Unf,1,271,TA,TA,Y,0,0,0,0,0,0,,MnPrv,,0,9,2009,WD,Normal,140000
1413,90,RL,60.0,7200,Pave,,Reg,Lvl,AllPub,Inside,Gtl,NAmes,Norm,Norm,Duplex,1Story,4,5,1949,1950,Gable,CompShg,BrkFace,Stone,None,0.0,TA,TA,Slab,,,,,0,,0,0,0,Wall,Fa,N,FuseF,1040,0,0,1040,0,0,2,0,2,2,TA,6,Typ,0,,Detchd,1956.0,Unf,2,420,TA,TA,Y,0,0,0,0,0,0,,,,0,6,2009,WD,Normal,90000
1414,20,RL,88.0,10994,Pave,,IR1,Lvl,AllPub,Corner,Gtl,SawyerW,Norm,Norm,1Fam,1Story,8,5,2005,2006,Gable,CompShg,VinylSd,VinylSd,Stone,366.0,Gd,TA,PConc,Gd,Gd,No,GLQ,976,Unf,0,868,1844,GasA,Ex,Y,SBrkr,1844,0,0,1844,1,0,2,0,2,1,Gd,7,Typ,1,Gd,Attchd,2005.0,Fin,2,620,TA,TA,Y,165,44,0,0,0,0,,,,0,9,2009,COD,Abnorml,257000
1415,50,RL,64.0,13053,Pave,Pave,Reg,Bnk,AllPub,Inside,Gtl,BrkSide,Norm,Norm,1Fam,1.5Fin,6,7,1923,2000,Gambrel,CompShg,Wd Sdng,Wd Sdng,None,0.0,TA,TA,BrkTil,TA,TA,No,Unf,0,Unf,0,833,833,GasA,Gd,Y,SBrkr,1053,795,0,1848,0,0,1,1,4,1,Gd,8,Typ,1,Gd,Detchd,1922.0,Unf,2,370,TA,TA,N,0,0,0,0,220,0,,,,0,6,2008,WD,Normal,207000
1416,120,RL,51.0,3635,Pave,,Reg,Lvl,AllPub,Inside,Gtl,Blmngtn,Norm,Norm,TwnhsE,1Story,7,5,2007,2007,Hip,CompShg,VinylSd,VinylSd,BrkFace,130.0,Gd,TA,PConc,Gd,TA,No,ALQ,988,Unf,0,398,1386,GasA,Ex,Y,SBrkr,1569,0,0,1569,0,1,2,0,1,1,Gd,7,Typ,1,TA,Attchd,2007.0,RFn,3,660,TA,TA,Y,143,20,0,0,0,0,,,,0,5,2009,WD,Normal,175900
1417,190,RM,60.0,11340,Pave,,Reg,Lvl,AllPub,Inside,Gtl,OldTown,Norm,Norm,2fmCon,2Story,4,6,1885,1950,Gable,CompShg,VinylSd,AsbShng,None,0.0,TA,TA,PConc,TA,TA,No,Unf,0,Unf,0,777,777,GasA,Gd,Y,SBrkr,1246,1044,0,2290,0,0,2,0,4,2,TA,11,Typ,0,,Detchd,1971.0,Unf,2,560,TA,TA,N,0,0,114,0,0,0,,,,0,4,2010,WD,Normal,122500
1418,60,RL,,16545,Pave,,IR1,Lvl,AllPub,Inside,Gtl,NoRidge,Norm,Norm,1Fam,2Story,8,5,1998,1998,Gable,CompShg,VinylSd,VinylSd,BrkFace,731.0,Gd,TA,PConc,Gd,TA,Mn,GLQ,781,Unf,0,503,1284,GasA,Ex,Y,SBrkr,1310,1140,0,2450,1,0,2,1,3,1,Gd,7,Typ,1,TA,Attchd,1998.0,Fin,3,1069,TA,TA,Y,0,126,0,0,0,0,,,,0,5,2009,WD,Normal,340000
1419,20,RL,71.0,9204,Pave,,Reg,Lvl,AllPub,Inside,Gtl,NAmes,Norm,Norm,1Fam,1Story,5,5,1963,1963,Gable,CompShg,HdBoard,HdBoard,None,0.0,TA,TA,CBlock,TA,TA,No,BLQ,25,Rec,872,247,1144,GasA,TA,Y,SBrkr,1144,0,0,1144,1,0,1,1,3,1,TA,6,Typ,0,,Detchd,1962.0,Unf,1,336,TA,TA,Y,0,88,0,0,0,0,,,,0,8,2008,COD,Normal,124000
1420,20,RL,,16381,Pave,,IR1,Lvl,AllPub,Inside,Gtl,Crawfor,Norm,Norm,1Fam,1Story,6,5,1969,1969,Gable,CompShg,Plywood,Plywood,BrkFace,312.0,Gd,Gd,CBlock,TA,TA,Av,Rec,1110,Unf,0,734,1844,GasA,Gd,Y,SBrkr,1844,0,0,1844,1,0,2,0,3,1,Gd,7,Typ,1,TA,Attchd,1969.0,RFn,2,540,TA,TA,Y,0,73,216,0,0,0,,,,0,12,2006,WD,Normal,223000
1421,60,RL,90.0,11700,Pave,,Reg,Lvl,AllPub,Corner,Gtl,NWAmes,Norm,Norm,1Fam,2Story,6,6,1968,1968,Gable,CompShg,HdBoard,HdBoard,BrkFace,420.0,TA,TA,CBlock,TA,TA,No,ALQ,404,Unf,0,304,708,GasA,Gd,Y,SBrkr,708,708,0,1416,0,0,2,1,3,1,TA,7,Typ,1,TA,Attchd,1968.0,RFn,2,776,TA,TA,Y,0,169,0,0,119,0,,,,0,5,2006,WD,Normal,179900
1422,120,RL,53.0,4043,Pave,,Reg,Lvl,AllPub,Inside,Gtl,NPkVill,Norm,Norm,TwnhsE,1Story,6,5,1977,1977,Gable,CompShg,Plywood,Plywood,None,0.0,TA,TA,CBlock,Gd,TA,No,ALQ,360,Unf,0,709,1069,GasA,TA,Y,SBrkr,1069,0,0,1069,0,0,2,0,2,1,TA,4,Typ,1,Fa,Attchd,1977.0,RFn,2,440,TA,TA,Y,0,55,0,0,165,0,,,,0,7,2010,WD,Normal,127500
1423,120,RM,37.0,4435,Pave,,Reg,Lvl,AllPub,Inside,Gtl,CollgCr,Norm,Norm,TwnhsE,1Story,6,5,2003,2003,Gable,CompShg,VinylSd,VinylSd,BrkFace,170.0,Gd,TA,PConc,Gd,TA,Av,GLQ,686,Unf,0,162,848,GasA,Ex,Y,SBrkr,848,0,0,848,1,0,1,0,1,1,Gd,3,Typ,0,,Attchd,2003.0,Fin,2,420,TA,TA,Y,140,0,0,0,0,0,,,,0,3,2008,WD,Normal,136500
1424,80,RL,,19690,Pave,,IR1,Lvl,AllPub,CulDSac,Gtl,Edwards,Norm,Norm,1Fam,SLvl,6,7,1966,1966,Flat,Tar&Grv,Plywood,Plywood,None,0.0,Gd,Gd,CBlock,Gd,TA,Av,Unf,0,Unf,0,697,697,GasA,TA,Y,SBrkr,1575,626,0,2201,0,0,2,0,4,1,Gd,8,Typ,1,Gd,Attchd,1966.0,Unf,2,432,Gd,Gd,Y,586,236,0,0,0,738,Gd,GdPrv,,0,8,2006,WD,Alloca,274970
1425,20,RL,,9503,Pave,,Reg,Lvl,AllPub,Inside,Gtl,NAmes,Norm,Norm,1Fam,1Story,5,5,1958,1983,Hip,CompShg,HdBoard,HdBoard,None,0.0,TA,TA,CBlock,TA,TA,No,ALQ,457,Rec,374,193,1024,GasA,TA,Y,SBrkr,1344,0,0,1344,1,0,1,0,2,1,TA,6,Min1,1,TA,Detchd,1970.0,Unf,1,484,TA,TA,Y,316,28,0,0,0,0,,GdWo,,0,6,2007,WD,Normal,144000
1426,20,RL,80.0,10721,Pave,,IR1,Lvl,AllPub,Inside,Gtl,NAmes,Norm,Norm,1Fam,1Story,6,6,1959,1959,Hip,CompShg,HdBoard,HdBoard,Stone,243.0,Gd,TA,CBlock,TA,TA,No,Unf,0,Unf,0,1252,1252,GasA,Ex,Y,SBrkr,1252,0,0,1252,0,0,1,0,3,1,Gd,7,Typ,0,,Detchd,1960.0,Unf,2,528,TA,TA,Y,0,39,0,0,0,0,,,,0,10,2008,WD,Normal,142000
1427,60,RL,81.0,10944,Pave,,IR1,Lvl,AllPub,Inside,Gtl,NoRidge,Norm,Norm,1Fam,2Story,7,5,1994,1994,Gable,CompShg,VinylSd,VinylSd,BrkFace,448.0,Gd,TA,PConc,Gd,TA,No,GLQ,1000,Unf,0,223,1223,GasA,Ex,Y,SBrkr,1223,904,0,2127,1,0,2,1,3,1,Gd,5,Typ,2,TA,Attchd,1994.0,RFn,2,525,TA,TA,Y,171,132,0,0,0,0,,,,0,8,2008,WD,Normal,271000
1428,50,RL,60.0,10930,Pave,Grvl,Reg,Bnk,AllPub,Inside,Gtl,NAmes,Artery,Norm,1Fam,1.5Fin,5,6,1945,1950,Gable,CompShg,MetalSd,MetalSd,None,0.0,TA,TA,CBlock,TA,TA,No,BLQ,580,Unf,0,333,913,GasA,TA,Y,FuseA,1048,510,0,1558,1,0,1,1,3,1,TA,6,Typ,1,TA,Attchd,1962.0,Unf,1,288,TA,TA,Y,0,0,0,0,0,0,,,,0,4,2008,WD,Normal,140000
1429,30,RM,60.0,7200,Pave,,Reg,Lvl,AllPub,Corner,Gtl,OldTown,Norm,Norm,1Fam,1Story,5,7,1940,1992,Gable,CompShg,MetalSd,MetalSd,Stone,294.0,TA,Gd,CBlock,TA,TA,No,BLQ,510,Unf,0,278,788,GasA,TA,Y,SBrkr,804,0,0,804,1,0,1,0,2,1,Gd,4,Typ,2,Gd,Attchd,1940.0,Unf,1,240,TA,TA,Y,0,0,154,0,0,0,,MnPrv,,0,2,2010,WD,Abnorml,119000
1430,20,RL,,12546,Pave,,IR1,Lvl,AllPub,Corner,Gtl,NWAmes,Norm,Norm,1Fam,1Story,6,7,1981,1981,Gable,CompShg,MetalSd,MetalSd,BrkFace,310.0,Gd,Gd,CBlock,Gd,TA,No,BLQ,678,Unf,0,762,1440,GasA,Ex,Y,SBrkr,1440,0,0,1440,0,0,2,0,3,1,Gd,7,Typ,1,TA,Attchd,1981.0,Fin,2,467,TA,TA,Y,0,0,99,0,0,0,,,,0,4,2007,WD,Normal,182900
1431,60,RL,60.0,21930,Pave,,IR3,Lvl,AllPub,Inside,Gtl,Gilbert,RRAn,Norm,1Fam,2Story,5,5,2005,2005,Gable,CompShg,VinylSd,VinylSd,None,0.0,Gd,TA,PConc,Gd,Gd,Av,Unf,0,Unf,0,732,732,GasA,Ex,Y,SBrkr,734,1104,0,1838,0,0,2,1,4,1,TA,7,Typ,1,Gd,BuiltIn,2005.0,Fin,2,372,TA,TA,Y,100,40,0,0,0,0,,,,0,7,2006,WD,Normal,192140
1432,120,RL,,4928,Pave,,IR1,Lvl,AllPub,Inside,Gtl,NPkVill,Norm,Norm,TwnhsE,1Story,6,6,1976,1976,Gable,CompShg,Plywood,Plywood,None,0.0,TA,TA,CBlock,Gd,TA,No,LwQ,958,Unf,0,0,958,GasA,TA,Y,SBrkr,958,0,0,958,0,0,2,0,2,1,TA,5,Typ,0,,Attchd,1976.0,RFn,2,440,TA,TA,Y,0,60,0,0,0,0,,,,0,10,2009,WD,Normal,143750
1433,30,RL,60.0,10800,Pave,Grvl,Reg,Lvl,AllPub,Inside,Gtl,OldTown,Norm,Norm,1Fam,1Story,4,6,1927,2007,Gable,CompShg,Wd Sdng,Wd Sdng,None,0.0,TA,TA,BrkTil,TA,TA,No,Unf,0,Unf,0,656,656,GasA,TA,Y,SBrkr,968,0,0,968,0,0,2,0,4,1,TA,5,Typ,0,,Detchd,1928.0,Unf,1,216,Fa,Fa,Y,0,0,0,0,0,0,,,,0,8,2007,WD,Normal,64500
1434,60,RL,93.0,10261,Pave,,IR1,Lvl,AllPub,Inside,Gtl,Gilbert,Norm,Norm,1Fam,2Story,6,5,2000,2000,Gable,CompShg,VinylSd,VinylSd,BrkFace,318.0,TA,TA,PConc,Gd,TA,No,Unf,0,Unf,0,936,936,GasA,Ex,Y,SBrkr,962,830,0,1792,1,0,2,1,3,1,TA,8,Typ,1,TA,Attchd,2000.0,Fin,2,451,TA,TA,Y,0,0,0,0,0,0,,,,0,5,2008,WD,Normal,186500
1435,20,RL,80.0,17400,Pave,,Reg,Low,AllPub,Inside,Mod,Mitchel,Norm,Norm,1Fam,1Story,5,5,1977,1977,Gable,CompShg,BrkFace,BrkFace,None,0.0,TA,TA,CBlock,TA,TA,No,ALQ,936,Unf,0,190,1126,GasA,Fa,Y,SBrkr,1126,0,0,1126,1,0,2,0,3,1,TA,5,Typ,1,Gd,Attchd,1977.0,RFn,2,484,TA,TA,P,295,41,0,0,0,0,,,,0,5,2006,WD,Normal,160000
1436,20,RL,80.0,8400,Pave,,Reg,Lvl,AllPub,Inside,Gtl,NAmes,Norm,Norm,1Fam,1Story,6,9,1962,2005,Gable,CompShg,Wd Sdng,Wd Sdng,BrkFace,237.0,Gd,Gd,CBlock,TA,TA,No,Unf,0,Unf,0,1319,1319,GasA,TA,Y,SBrkr,1537,0,0,1537,1,0,1,1,3,1,Gd,7,Typ,1,Gd,Attchd,1962.0,RFn,2,462,TA,TA,Y,0,36,0,0,0,0,,GdPrv,,0,7,2008,COD,Abnorml,174000
1437,20,RL,60.0,9000,Pave,,Reg,Lvl,AllPub,FR2,Gtl,NAmes,Norm,Norm,1Fam,1Story,4,6,1971,1971,Gable,CompShg,HdBoard,HdBoard,None,0.0,TA,TA,PConc,TA,TA,No,ALQ,616,Unf,0,248,864,GasA,TA,Y,SBrkr,864,0,0,864,0,0,1,0,3,1,TA,5,Typ,0,,Detchd,1974.0,Unf,2,528,TA,TA,Y,0,0,0,0,0,0,,GdWo,,0,5,2007,WD,Normal,120500
1438,20,RL,96.0,12444,Pave,,Reg,Lvl,AllPub,FR2,Gtl,NridgHt,Norm,Norm,1Fam,1Story,8,5,2008,2008,Hip,CompShg,VinylSd,VinylSd,Stone,426.0,Ex,TA,PConc,Ex,TA,Av,GLQ,1336,Unf,0,596,1932,GasA,Ex,Y,SBrkr,1932,0,0,1932,1,0,2,0,2,1,Ex,7,Typ,1,Gd,Attchd,2008.0,Fin,3,774,TA,TA,Y,0,66,0,304,0,0,,,,0,11,2008,New,Partial,394617
1439,20,RM,90.0,7407,Pave,,Reg,Lvl,AllPub,Inside,Gtl,OldTown,Artery,Norm,1Fam,1Story,6,7,1957,1996,Gable,CompShg,MetalSd,MetalSd,None,0.0,TA,TA,CBlock,TA,TA,No,GLQ,600,Unf,0,312,912,GasA,TA,Y,FuseA,1236,0,0,1236,1,0,1,0,2,1,TA,6,Typ,0,,Attchd,1957.0,Unf,2,923,TA,TA,Y,0,158,158,0,0,0,,MnPrv,,0,4,2010,WD,Normal,149700
1440,60,RL,80.0,11584,Pave,,Reg,Lvl,AllPub,Inside,Gtl,NWAmes,Norm,Norm,1Fam,SLvl,7,6,1979,1979,Hip,CompShg,HdBoard,HdBoard,BrkFace,96.0,TA,TA,CBlock,TA,TA,No,GLQ,315,Rec,110,114,539,GasA,TA,Y,SBrkr,1040,685,0,1725,0,0,2,1,3,1,TA,6,Typ,1,TA,Attchd,1979.0,RFn,2,550,TA,TA,Y,0,88,216,0,0,0,,,,0,11,2007,WD,Normal,197000
1441,70,RL,79.0,11526,Pave,,IR1,Bnk,AllPub,Inside,Mod,Crawfor,Norm,Norm,1Fam,2.5Fin,6,7,1922,1994,Gable,CompShg,MetalSd,MetalSd,None,0.0,TA,TA,BrkTil,Ex,TA,No,Unf,0,Unf,0,588,588,GasA,Fa,Y,SBrkr,1423,748,384,2555,0,0,2,0,3,1,TA,11,Min1,1,Gd,Detchd,1993.0,Fin,2,672,TA,TA,Y,431,0,0,0,0,0,,,,0,9,2008,WD,Normal,191000
1442,120,RM,,4426,Pave,,Reg,Lvl,AllPub,Inside,Gtl,CollgCr,Norm,Norm,TwnhsE,1Story,6,5,2004,2004,Gable,CompShg,VinylSd,VinylSd,BrkFace,147.0,Gd,TA,PConc,Gd,TA,Av,GLQ,697,Unf,0,151,848,GasA,Ex,Y,SBrkr,848,0,0,848,1,0,1,0,1,1,Gd,3,Typ,1,TA,Attchd,2004.0,RFn,2,420,TA,TA,Y,149,0,0,0,0,0,,,,0,5,2008,WD,Normal,149300
1443,60,FV,85.0,11003,Pave,,Reg,Lvl,AllPub,Inside,Gtl,Somerst,Norm,Norm,1Fam,2Story,10,5,2008,2008,Gable,CompShg,VinylSd,VinylSd,Stone,160.0,Ex,TA,PConc,Ex,TA,Av,GLQ,765,Unf,0,252,1017,GasA,Ex,Y,SBrkr,1026,981,0,2007,1,0,2,1,3,1,Ex,10,Typ,1,Ex,Attchd,2008.0,Fin,3,812,TA,TA,Y,168,52,0,0,0,0,,,,0,4,2009,WD,Normal,310000
1444,30,RL,,8854,Pave,,Reg,Lvl,AllPub,Inside,Gtl,BrkSide,Norm,Norm,1Fam,1.5Unf,6,6,1916,1950,Gable,CompShg,Wd Sdng,Wd Sdng,None,0.0,TA,TA,BrkTil,TA,TA,No,Unf,0,Unf,0,952,952,Grav,Fa,N,FuseF,952,0,0,952,0,0,1,0,2,1,Fa,4,Typ,1,Gd,Detchd,1916.0,Unf,1,192,Fa,Po,P,0,98,0,0,40,0,,,,0,5,2009,WD,Normal,121000
1445,20,RL,63.0,8500,Pave,,Reg,Lvl,AllPub,FR2,Gtl,CollgCr,Norm,Norm,1Fam,1Story,7,5,2004,2004,Gable,CompShg,VinylSd,VinylSd,BrkFace,106.0,Gd,TA,PConc,Gd,TA,Av,Unf,0,Unf,0,1422,1422,GasA,Ex,Y,SBrkr,1422,0,0,1422,0,0,2,0,3,1,Gd,7,Typ,0,,Attchd,2004.0,RFn,2,626,TA,TA,Y,192,60,0,0,0,0,,,,0,11,2007,WD,Normal,179600
1446,85,RL,70.0,8400,Pave,,Reg,Lvl,AllPub,Inside,Gtl,Sawyer,Norm,Norm,1Fam,SFoyer,6,5,1966,1966,Gable,CompShg,VinylSd,VinylSd,None,0.0,TA,TA,CBlock,TA,TA,Gd,LwQ,187,Rec,627,0,814,GasA,Gd,Y,SBrkr,913,0,0,913,1,0,1,0,3,1,TA,6,Typ,0,,Detchd,1990.0,Unf,1,240,TA,TA,Y,0,0,252,0,0,0,,,,0,5,2007,WD,Normal,129000
1447,20,RL,,26142,Pave,,IR1,Lvl,AllPub,CulDSac,Gtl,Mitchel,Norm,Norm,1Fam,1Story,5,7,1962,1962,Gable,CompShg,HdBoard,HdBoard,BrkFace,189.0,TA,TA,CBlock,TA,TA,No,Rec,593,Unf,0,595,1188,GasA,TA,Y,SBrkr,1188,0,0,1188,0,0,1,0,3,1,TA,6,Typ,0,,Attchd,1962.0,Unf,1,312,TA,TA,P,261,39,0,0,0,0,,,,0,4,2010,WD,Normal,157900
1448,60,RL,80.0,10000,Pave,,Reg,Lvl,AllPub,Inside,Gtl,CollgCr,Norm,Norm,1Fam,2Story,8,5,1995,1996,Gable,CompShg,VinylSd,VinylSd,BrkFace,438.0,Gd,TA,PConc,Gd,TA,No,GLQ,1079,Unf,0,141,1220,GasA,Ex,Y,SBrkr,1220,870,0,2090,1,0,2,1,3,1,Gd,8,Typ,1,TA,Attchd,1995.0,RFn,2,556,TA,TA,Y,0,65,0,0,0,0,,,,0,12,2007,WD,Normal,240000
1449,50,RL,70.0,11767,Pave,,Reg,Lvl,AllPub,Inside,Gtl,Edwards,Norm,Norm,1Fam,2Story,4,7,1910,2000,Gable,CompShg,MetalSd,HdBoard,None,0.0,TA,TA,CBlock,Fa,TA,No,Unf,0,Unf,0,560,560,GasA,Gd,N,SBrkr,796,550,0,1346,0,0,1,1,2,1,TA,6,Min2,0,,Detchd,1950.0,Unf,1,384,Fa,TA,Y,168,24,0,0,0,0,,GdWo,,0,5,2007,WD,Normal,112000
1450,180,RM,21.0,1533,Pave,,Reg,Lvl,AllPub,Inside,Gtl,MeadowV,Norm,Norm,Twnhs,SFoyer,5,7,1970,1970,Gable,CompShg,CemntBd,CmentBd,None,0.0,TA,TA,CBlock,Gd,TA,Av,GLQ,553,Unf,0,77,630,GasA,Ex,Y,SBrkr,630,0,0,630,1,0,1,0,1,1,Ex,3,Typ,0,,,,,0,0,,,Y,0,0,0,0,0,0,,,,0,8,2006,WD,Abnorml,92000
1451,90,RL,60.0,9000,Pave,,Reg,Lvl,AllPub,FR2,Gtl,NAmes,Norm,Norm,Duplex,2Story,5,5,1974,1974,Gable,CompShg,VinylSd,VinylSd,None,0.0,TA,TA,CBlock,Gd,TA,No,Unf,0,Unf,0,896,896,GasA,TA,Y,SBrkr,896,896,0,1792,0,0,2,2,4,2,TA,8,Typ,0,,,,,0,0,,,Y,32,45,0,0,0,0,,,,0,9,2009,WD,Normal,136000
1452,20,RL,78.0,9262,Pave,,Reg,Lvl,AllPub,Inside,Gtl,Somerst,Norm,Norm,1Fam,1Story,8,5,2008,2009,Gable,CompShg,CemntBd,CmentBd,Stone,194.0,Gd,TA,PConc,Gd,TA,No,Unf,0,Unf,0,1573,1573,GasA,Ex,Y,SBrkr,1578,0,0,1578,0,0,2,0,3,1,Ex,7,Typ,1,Gd,Attchd,2008.0,Fin,3,840,TA,TA,Y,0,36,0,0,0,0,,,,0,5,2009,New,Partial,287090
1453,180,RM,35.0,3675,Pave,,Reg,Lvl,AllPub,Inside,Gtl,Edwards,Norm,Norm,TwnhsE,SLvl,5,5,2005,2005,Gable,CompShg,VinylSd,VinylSd,BrkFace,80.0,TA,TA,PConc,Gd,TA,Gd,GLQ,547,Unf,0,0,547,GasA,Gd,Y,SBrkr,1072,0,0,1072,1,0,1,0,2,1,TA,5,Typ,0,,Basment,2005.0,Fin,2,525,TA,TA,Y,0,28,0,0,0,0,,,,0,5,2006,WD,Normal,145000
1454,20,RL,90.0,17217,Pave,,Reg,Lvl,AllPub,Inside,Gtl,Mitchel,Norm,Norm,1Fam,1Story,5,5,2006,2006,Gable,CompShg,VinylSd,VinylSd,None,0.0,TA,TA,PConc,Gd,TA,No,Unf,0,Unf,0,1140,1140,GasA,Ex,Y,SBrkr,1140,0,0,1140,0,0,1,0,3,1,TA,6,Typ,0,,,,,0,0,,,Y,36,56,0,0,0,0,,,,0,7,2006,WD,Abnorml,84500
1455,20,FV,62.0,7500,Pave,Pave,Reg,Lvl,AllPub,Inside,Gtl,Somerst,Norm,Norm,1Fam,1Story,7,5,2004,2005,Gable,CompShg,VinylSd,VinylSd,None,0.0,Gd,TA,PConc,Gd,TA,No,GLQ,410,Unf,0,811,1221,GasA,Ex,Y,SBrkr,1221,0,0,1221,1,0,2,0,2,1,Gd,6,Typ,0,,Attchd,2004.0,RFn,2,400,TA,TA,Y,0,113,0,0,0,0,,,,0,10,2009,WD,Normal,185000
1456,60,RL,62.0,7917,Pave,,Reg,Lvl,AllPub,Inside,Gtl,Gilbert,Norm,Norm,1Fam,2Story,6,5,1999,2000,Gable,CompShg,VinylSd,VinylSd,None,0.0,TA,TA,PConc,Gd,TA,No,Unf,0,Unf,0,953,953,GasA,Ex,Y,SBrkr,953,694,0,1647,0,0,2,1,3,1,TA,7,Typ,1,TA,Attchd,1999.0,RFn,2,460,TA,TA,Y,0,40,0,0,0,0,,,,0,8,2007,WD,Normal,175000
1457,20,RL,85.0,13175,Pave,,Reg,Lvl,AllPub,Inside,Gtl,NWAmes,Norm,Norm,1Fam,1Story,6,6,1978,1988,Gable,CompShg,Plywood,Plywood,Stone,119.0,TA,TA,CBlock,Gd,TA,No,ALQ,790,Rec,163,589,1542,GasA,TA,Y,SBrkr,2073,0,0,2073,1,0,2,0,3,1,TA,7,Min1,2,TA,Attchd,1978.0,Unf,2,500,TA,TA,Y,349,0,0,0,0,0,,MnPrv,,0,2,2010,WD,Normal,210000
1458,70,RL,66.0,9042,Pave,,Reg,Lvl,AllPub,Inside,Gtl,Crawfor,Norm,Norm,1Fam,2Story,7,9,1941,2006,Gable,CompShg,CemntBd,CmentBd,None,0.0,Ex,Gd,Stone,TA,Gd,No,GLQ,275,Unf,0,877,1152,GasA,Ex,Y,SBrkr,1188,1152,0,2340,0,0,2,0,4,1,Gd,9,Typ,2,Gd,Attchd,1941.0,RFn,1,252,TA,TA,Y,0,60,0,0,0,0,,GdPrv,Shed,2500,5,2010,WD,Normal,266500
1459,20,RL,68.0,9717,Pave,,Reg,Lvl,AllPub,Inside,Gtl,NAmes,Norm,Norm,1Fam,1Story,5,6,1950,1996,Hip,CompShg,MetalSd,MetalSd,None,0.0,TA,TA,CBlock,TA,TA,Mn,GLQ,49,Rec,1029,0,1078,GasA,Gd,Y,FuseA,1078,0,0,1078,1,0,1,0,2,1,Gd,5,Typ,0,,Attchd,1950.0,Unf,1,240,TA,TA,Y,366,0,112,0,0,0,,,,0,4,2010,WD,Normal,142125
1460,20,RL,75.0,9937,Pave,,Reg,Lvl,AllPub,Inside,Gtl,Edwards,Norm,Norm,1Fam,1Story,5,6,1965,1965,Gable,CompShg,HdBoard,HdBoard,None,0.0,Gd,TA,CBlock,TA,TA,No,BLQ,830,LwQ,290,136,1256,GasA,Gd,Y,SBrkr,1256,0,0,1256,1,0,1,1,3,1,TA,6,Typ,0,,Attchd,1965.0,Fin,1,276,TA,TA,Y,736,68,0,0,0,0,,,,0,6,2008,WD,Normal,147500
